-- Mock Data Insertion Script for Little Lemon
USE littlelemondb;

-- Insert into addresses
INSERT INTO addresses (street, zipcode) VALUES 
('123 Main St', '12345'),
('456 Elm St', '67890'),
('789 Oak St', '11223'),
('101 Pine St', '33445'),
('202 Maple St', '55667'),
('303 Cedar St', '77889'),
('404 Birch St', '99000'),
('505 Walnut St', '11222'),
('606 Chestnut St', '22333'),
('707 Spruce St', '33444');

-- Insert into customers
INSERT INTO customers (address_id, name, phone) VALUES 
(1, 'John Doe', '555-1234'),
(2, 'Jane Smith', '555-5678'),
(3, 'Alice Johnson', '555-8765'),
(4, 'Bob Brown', '555-3456'),
(5, 'Charlie Black', '555-7890'),
(6, 'David White', '555-6543'),
(7, 'Ella Green', '555-0987'),
(8, 'Frank Blue', '555-3210'),
(9, 'Grace Red', '555-4321'),
(10, 'Hank Purple', '555-5432');

-- Insert into cuisines
INSERT INTO cuisines (name) VALUES 
('Italian'),
('Chinese'),
('Mexican'),
('Indian'),
('French');

-- Insert into menu_items
INSERT INTO menu_items (id, course_name, starter_name, dessert_name, drink_name) VALUES 
(1, 'Spaghetti', 'Bruschetta', 'Tiramisu', 'Wine'),
(2, 'Kung Pao Chicken', 'Spring Rolls', 'Mango Pudding', 'Green Tea'),
(3, 'Tacos', 'Nachos', 'Churros', 'Margarita'),
(4, 'Butter Chicken', 'Samosa', 'Gulab Jamun', 'Lassi'),
(5, 'Croissant', 'Soup', 'Creme Brulee', 'Champagne');

-- Insert into menu
INSERT INTO menu (cuisine_id, menu_item_id, name, cost) VALUES 
(1, 1, 'Italian Feast', 25.00),
(2, 2, 'Chinese Delight', 20.00),
(3, 3, 'Mexican Fiesta', 15.00),
(4, 4, 'Indian Platter', 18.00),
(5, 5, 'French Gourmet', 30.00);

-- Insert into orders
INSERT INTO orders (customer_id, menu_id, order_date, quantity, total_cost) VALUES 
(3, 4, '2023-01-01 12:00:00', 2, 36.00),
(7, 1, '2023-01-01 13:30:00', 1, 25.00),
(2, 3, '2023-01-01 14:45:00', 3, 45.00),
(9, 2, '2023-01-02 15:00:00', 1, 20.00),
(6, 5, '2023-01-02 16:15:00', 2, 60.00),
(1, 4, '2023-01-03 12:00:00', 1, 18.00),
(5, 3, '2023-01-03 13:30:00', 2, 30.00),
(8, 2, '2023-01-03 14:45:00', 1, 20.00),
(10, 1, '2023-01-04 15:00:00', 3, 75.00),
(4, 5, '2023-01-04 16:15:00', 1, 30.00),
(2, 4, '2023-01-05 12:00:00', 2, 36.00),
(9, 1, '2023-01-05 13:30:00', 1, 25.00),
(6, 3, '2023-01-05 14:45:00', 3, 45.00),
(3, 2, '2023-01-06 15:00:00', 1, 20.00),
(7, 5, '2023-01-06 16:15:00', 2, 60.00),
(1, 3, '2023-01-07 12:00:00', 1, 15.00),
(5, 2, '2023-01-07 13:30:00', 2, 40.00),
(8, 1, '2023-01-07 14:45:00', 1, 25.00),
(10, 4, '2023-01-08 15:00:00', 3, 54.00),
(4, 5, '2023-01-08 16:15:00', 1, 30.00),
(2, 3, '2023-01-09 12:00:00', 2, 30.00),
(9, 2, '2023-01-09 13:30:00', 1, 20.00),
(6, 1, '2023-01-09 14:45:00', 3, 75.00),
(3, 4, '2023-01-10 15:00:00', 1, 18.00),
(7, 5, '2023-01-10 16:15:00', 2, 60.00),
(1, 2, '2023-01-11 12:00:00', 1, 20.00),
(5, 3, '2023-01-11 13:30:00', 2, 30.00),
(8, 1, '2023-01-11 14:45:00', 1, 25.00),
(10, 4, '2023-01-12 15:00:00', 3, 54.00),
(4, 5, '2023-01-12 16:15:00', 1, 30.00),
(2, 2, '2023-01-13 12:00:00', 2, 40.00),
(9, 3, '2023-01-13 13:30:00', 1, 15.00),
(6, 1, '2023-01-14 14:45:00', 3, 75.00),
(3, 4, '2023-01-14 15:00:00', 1, 18.00),
(7, 5, '2023-01-14 16:15:00', 2, 60.00),
(1, 2, '2023-01-15 12:00:00', 1, 20.00),
(5, 3, '2023-01-15 13:30:00', 2, 30.00),
(8, 1, '2023-01-16 14:45:00', 1, 25.00),
(10, 4, '2023-01-16 15:00:00', 3, 54.00),
(4, 5, '2023-01-17 16:15:00', 1, 30.00),
(2, 3, '2023-01-17 12:00:00', 2, 30.00),
(9, 2, '2023-01-18 13:30:00', 1, 20.00),
(6, 1, '2023-01-18 14:45:00', 3, 75.00),
(3, 4, '2023-01-19 15:00:00', 1, 18.00),
(7, 5, '2023-01-20 16:15:00', 2, 60.00),
(1, 2, '2023-01-20 12:00:00', 1, 20.00),
(5, 3, '2023-01-21 13:30:00', 2, 30.00),
(8, 1, '2023-01-21 14:45:00', 1, 25.00),
(10, 4, '2023-01-22 15:00:00', 3, 54.00),
(4, 5, '2023-01-22 16:15:00', 1, 30.00);

-- Insert into status
INSERT INTO status (name) VALUES 
('Pending'),
('Delivered'),
('Cancelled');

-- Insert into deliveries
INSERT INTO deliveries (status_id, orders_id, delivery_date) VALUES 
(1, 1, '2023-01-01 16:00:00'),
(2, 2, '2023-01-02 17:00:00'),
(1, 4, '2023-01-03 18:00:00'),
(2, 6, '2023-01-04 19:00:00'),
(1, 8, '2023-01-05 20:00:00'),
(2, 10, '2023-01-06 21:00:00'),
(1, 12, '2023-01-07 17:00:00'),
(2, 14, '2023-01-08 18:00:00'),
(1, 16, '2023-01-09 16:00:00'),
(2, 18, '2023-01-10 14:00:00');

-- Insert into staff_roles
INSERT INTO staff_roles (role_name, department) VALUES 
('Manager', 'Management'),
('Chef', 'Kitchen'),
('Waiter', 'Service'),
('Waitress', 'Service'),
('Hostess', 'Service'),
('Dishwasher', 'Kitchen'),
('Server', 'Service'),
('Barista', 'Service');

-- Insert into staff
INSERT INTO staff (name, staff_role_id, salary) VALUES 
('Michael', 1, 50000),
('Sarah', 2, 45000),
('Tom', 2, 45000),
('Lisa', 4, 40000),
('John', 3, 42000),
('Emily', 5, 38000),
('Kevin', 6, 35000),
('Anna', 7, 38000),
('Paul', 8, 40000),
('Laura', 7, 38000);

-- Insert into bookings
INSERT INTO bookings (customer_id, staff_id, table_number, booking_date) VALUES 
(1, 3, 5, '2023-01-01 18:00:00'),
(2, 4, 8, '2023-01-02 19:30:00'),
(3, 3, 12, '2023-01-03 20:00:00'),
(4, 4, 3, '2023-01-04 21:00:00'),
(5, 3, 7, '2023-01-05 18:00:00'),
(6, 4, 11, '2023-01-06 19:30:00'),
(7, 3, 2, '2023-01-07 20:00:00'),
(8, 4, 6, '2023-01-08 21:00:00'),
(9, 3, 10, '2023-01-09 18:00:00'),
(10, 4, 1, '2023-01-10 19:30:00'),
(1, 3, 4, '2023-01-11 20:00:00'),
(2, 4, 9, '2023-01-12 21:00:00'),
(3, 3, 13, '2023-01-13 18:00:00'),
(4, 4, 15, '2023-01-14 19:30:00'),
(5, 3, 14, '2023-01-15 20:00:00'),
(6, 4, 3, '2023-01-16 21:00:00'),
(7, 3, 5, '2023-01-17 18:00:00'),
(8, 4, 8, '2023-01-18 19:30:00'),
(9, 3, 12, '2023-01-19 20:00:00'),
(10, 4, 11, '2023-01-20 21:00:00'),
(1, 3, 2, '2023-01-21 18:00:00'),
(2, 4, 6, '2023-01-22 19:30:00'),
(3, 3, 9, '2023-01-23 20:00:00'),
(4, 4, 13, '2023-01-24 21:00:00'),
(5, 3, 1, '2023-01-25 18:00:00');